ts_ms,x,y,z
1783806426627,-0.49970000982284546,-0.16840000450611115,1.2999999523162842
1783806426647,-0.49900001287460327,-0.1670999974012375,1.2799999713897705
1783806426667,-0.4984000027179718,-0.1656000018119812,1.2599999904632568
1783806426687,-0.4977000057697296,-0.16429999470710754,1.2300000190734863
1783806426707,-0.4970000088214874,-0.16290000081062317,1.2000000476837158
1783806426727,-0.49630001187324524,-0.1615000069141388,1.159999966621399
1783806426747,-0.49559998512268066,-0.16030000150203705,1.1299999952316284
1783806426767,-0.4948999881744385,-0.1589999943971634,1.0800000429153442
1783806426787,-0.4943000078201294,-0.15770000219345093,1.0399999618530273
1783806426807,-0.4936000108718872,-0.15620000660419464,1.0
1783806426827,-0.49300000071525574,-0.15489999949932098,0.949999988079071
1783806426847,-0.49239999055862427,-0.1535000056028366,0.8899999856948853
1783806426867,-0.4916999936103821,-0.15219999849796295,0.8299999833106995
1783806426887,-0.491100013256073,-0.1509000062942505,0.7699999809265137
1783806426907,-0.4903999865055084,-0.14959999918937683,0.7099999785423279
1783806426927,-0.48969998955726624,-0.14810000360012054,0.6399999856948853
1783806426947,-0.48910000920295715,-0.1467999964952469,0.5699999928474426
1783806426967,-0.48840001225471497,-0.14550000429153442,0.5
1783806426987,-0.4878000020980835,-0.14409999549388885,0.41999998688697815
1783806427007,-0.4871000051498413,-0.14300000667572021,0.3400000035762787
1783806427027,-0.48660001158714294,-0.14159999787807465,0.25
1783806427047,-0.48590001463890076,-0.14030000567436218,0.1599999964237213
1783806427067,-0.4853000044822693,-0.1387999951839447,0.09000000357627869
1783806427087,-0.48489999771118164,-0.1379999965429306,0.15000000596046448
1783806427107,-0.4844000041484833,-0.1370999962091446,0.20999999344348907
1783806427127,-0.48399999737739563,-0.13619999587535858,0.27000001072883606
1783806427147,-0.48350000381469727,-0.13529999554157257,0.3199999928474426
1783806427167,-0.4830999970436096,-0.13439999520778656,0.3700000047683716
1783806427187,-0.482699990272522,-0.13349999487400055,0.41999998688697815
1783806427207,-0.4821999967098236,-0.13279999792575836,0.4699999988079071
1783806427227,-0.48179998993873596,-0.13189999759197235,0.5099999904632568
1783806427247,-0.4812999963760376,-0.13120000064373016,0.5400000214576721
1783806427267,-0.48100000619888306,-0.13030000030994415,0.5799999833106995
1783806427288,-0.4805000126361847,-0.12939999997615814,0.6100000143051147
1783806427308,-0.48010000586509705,-0.12870000302791595,0.6299999952316284
1783806427328,-0.4796000123023987,-0.12780000269412994,0.6499999761581421
1783806427348,-0.47920000553131104,-0.12690000236034393,0.6700000166893005
1783806427368,-0.4787999987602234,-0.12620000541210175,0.6800000071525574
1783806427388,-0.47839999198913574,-0.12530000507831573,0.6899999976158142
1783806427408,-0.4778999984264374,-0.12460000067949295,0.699999988079071
1783806427428,-0.47749999165534973,-0.12370000034570694,0.699999988079071
1783806427448,-0.4771000146865845,-0.12280000001192093,0.699999988079071
1783806427468,-0.4767000079154968,-0.12189999967813492,0.6899999976158142
1783806427488,-0.4763000011444092,-0.12099999934434891,0.6800000071525574
1783806427508,-0.4758000075817108,-0.12020000070333481,0.6700000166893005
1783806427528,-0.47530001401901245,-0.1193000003695488,0.6600000262260437
1783806427548,-0.4749999940395355,-0.11840000003576279,0.6399999856948853
1783806427568,-0.4745999872684479,-0.1177000030875206,0.6100000143051147
1783806427588,-0.4740999937057495,-0.11680000275373459,0.5799999833106995
1783806427608,-0.47369998693466187,-0.1160999983549118,0.5400000214576721
1783806427628,-0.4731999933719635,-0.1152999997138977,0.5099999904632568
1783806427648,-0.47290000319480896,-0.1143999993801117,0.4699999988079071
1783806427668,-0.4724999964237213,-0.1136000007390976,0.4300000071525574
1783806427688,-0.47209998965263367,-0.1128000020980835,0.3799999952316284
1783806427708,-0.4715999960899353,-0.11180000007152557,0.3199999928474426
1783806427728,-0.47119998931884766,-0.11110000312328339,0.27000001072883606
1783806427748,-0.4708999991416931,-0.11020000278949738,0.20999999344348907
1783806427768,-0.47049999237060547,-0.10930000245571136,0.14000000059604645
1783806427788,-0.4699999988079071,-0.10859999805688858,0.10000000149011612
1783806427808,-0.46970000863075256,-0.10809999704360962,0.12999999523162842
1783806427828,-0.46939998865127563,-0.10769999772310257,0.1599999964237213
1783806427848,-0.4691999852657318,-0.10740000009536743,0.20000000298023224
1783806427868,-0.46880000829696655,-0.10689999908208847,0.23000000417232513
1783806427888,-0.4684999883174896,-0.10649999976158142,0.25999999046325684
1783806427908,-0.4681999981403351,-0.10610000044107437,0.2800000011920929
1783806427928,-0.46790000796318054,-0.10580000281333923,0.30000001192092896
1783806427948,-0.4675999879837036,-0.10530000180006027,0.3199999928474426
1783806427968,-0.4672999978065491,-0.10490000247955322,0.33000001311302185
1783806427988,-0.46709999442100525,-0.10440000146627426,0.3400000035762787
1783806428008,-0.4666999876499176,-0.10400000214576721,0.3400000035762787
1783806428028,-0.46639999747276306,-0.10369999706745148,0.3400000035762787
1783806428048,-0.4661000072956085,-0.10329999774694443,0.3400000035762787
1783806428068,-0.4657999873161316,-0.10279999673366547,0.33000001311302185
1783806428088,-0.46549999713897705,-0.10249999910593033,0.3199999928474426
1783806428108,-0.4652000069618225,-0.10209999978542328,0.3100000023841858
1783806428128,-0.4650000035762787,-0.10159999877214432,0.28999999165534973
1783806428148,-0.46470001339912415,-0.10119999945163727,0.27000001072883606
1783806428168,-0.4643999934196472,-0.10080000013113022,0.23999999463558197
1783806428188,-0.4641000032424927,-0.10050000250339508,0.20999999344348907
1783806428208,-0.46380001306533813,-0.10000000149011612,0.17000000178813934
1783806428228,-0.4634999930858612,-0.09969999641180038,0.12999999523162842
1783806428248,-0.46320000290870667,-0.09929999709129333,0.10000000149011612
1783806428268,-0.46309998631477356,-0.0989999994635582,0.10999999940395355
1783806428289,-0.4629000127315521,-0.09889999777078629,0.12999999523162842
1783806428308,-0.4627000093460083,-0.09870000183582306,0.15000000596046448
1783806428329,-0.4625000059604645,-0.09839999675750732,0.17000000178813934
1783806428349,-0.46219998598098755,-0.09830000251531601,0.18000000715255737
1783806428369,-0.4620000123977661,-0.09809999912977219,0.1899999976158142
1783806428389,-0.4618000090122223,-0.09780000150203705,0.20000000298023224
1783806428409,-0.46160000562667847,-0.09769999980926514,0.20000000298023224
1783806428429,-0.46140000224113464,-0.09749999642372131,0.20000000298023224
1783806428449,-0.4611999988555908,-0.09719999879598618,0.1899999976158142
1783806428469,-0.4611000120639801,-0.09709999710321426,0.1899999976158142
1783806428489,-0.460999995470047,-0.09690000116825104,0.17000000178813934
1783806428509,-0.4607999920845032,-0.0966000035405159,0.15000000596046448
1783806428529,-0.46059998869895935,-0.09650000184774399,0.12999999523162842
1783806428549,-0.4603999853134155,-0.09640000015497208,0.10999999940395355
1783806428569,-0.4602000117301941,-0.09619999676942825,0.10000000149011612
1783806428589,-0.46000000834465027,-0.09589999914169312,0.10999999940395355
1783806428609,-0.45980000495910645,-0.0957999974489212,0.10999999940395355
1783806428629,-0.4596000015735626,-0.09549999982118607,0.11999999731779099
1783806428649,-0.4593999981880188,-0.09529999643564224,0.12999999523162842
1783806428669,-0.459199994802475,-0.09520000219345093,0.12999999523162842
1783806428689,-0.45910000801086426,-0.09489999711513519,0.12999999523162842
1783806428709,-0.45890000462532043,-0.09470000118017197,0.11999999731779099
1783806428729,-0.4587000012397766,-0.09459999948740005,0.10999999940395355
1783806428749,-0.4584999978542328,-0.09430000185966492,0.10000000149011612
1783806428769,-0.45829999446868896,-0.0940999984741211,0.10000000149011612
1783806428789,-0.45809999108314514,-0.09390000253915787,0.10000000149011612
1783806428809,-0.4578999876976013,-0.09369999915361404,0.10000000149011612
1783806428829,-0.4577000141143799,-0.0934000015258789,0.10999999940395355
1783806428849,-0.45750001072883606,-0.093299999833107,0.10999999940395355
1783806428869,-0.45730000734329224,-0.09309999644756317,0.10000000149011612
1783806428889,-0.45719999074935913,-0.09300000220537186,0.10000000149011612
1783806428909,-0.4569999873638153,-0.09279999881982803,0.10000000149011612
1783806428929,-0.45680001378059387,-0.0925000011920929,0.10000000149011612
1783806428949,-0.45669999718666077,-0.09239999949932098,0.10999999940395355
1783806428969,-0.45649999380111694,-0.09220000356435776,0.10999999940395355
1783806428989,-0.4562999904155731,-0.09210000187158585,0.10999999940395355
1783806429009,-0.4560999870300293,-0.09179999679327011,0.10999999940395355
1783806429029,-0.45590001344680786,-0.0917000025510788,0.10999999940395355
1783806429049,-0.45579999685287476,-0.09149999916553497,0.10000000149011612
1783806429069,-0.45559999346733093,-0.09139999747276306,0.10000000149011612
1783806429089,-0.4553999900817871,-0.09120000153779984,0.10000000149011612
1783806429109,-0.4553000032901764,-0.09109999984502792,0.10000000149011612
1783806429129,-0.4551999866962433,-0.0908999964594841,0.10000000149011612
1783806429149,-0.45500001311302185,-0.09080000221729279,0.10000000149011612
1783806429169,-0.45489999651908875,-0.09059999883174896,0.10000000149011612
1783806429189,-0.4546999931335449,-0.09049999713897705,0.10000000149011612
1783806429209,-0.4546000063419342,-0.09030000120401382,0.10000000149011612
1783806429229,-0.4544000029563904,-0.09019999951124191,0.10000000149011612
1783806429250,-0.4542999863624573,-0.09000000357627869,0.10000000149011612
1783806429270,-0.45419999957084656,-0.08990000188350677,0.10000000149011612
1783806429290,-0.45399999618530273,-0.08969999849796295,0.10000000149011612
1783806429310,-0.453900009393692,-0.08959999680519104,0.10000000149011612
1783806429330,-0.4537999927997589,-0.08940000087022781,0.10000000149011612
1783806429350,-0.4535999894142151,-0.0892999991774559,0.10000000149011612
1783806429370,-0.45350000262260437,-0.0892999991774559,0.10000000149011612
1783806429390,-0.45339998602867126,-0.08919999748468399,0.10000000149011612
1783806429410,-0.45329999923706055,-0.08900000154972076,0.10000000149011612
1783806429430,-0.45320001244544983,-0.08889999985694885,0.10000000149011612
1783806429450,-0.4530999958515167,-0.08869999647140503,0.10000000149011612
1783806429470,-0.4528999924659729,-0.08869999647140503,0.10000000149011612
1783806429490,-0.4528000056743622,-0.08860000222921371,0.10000000149011612
1783806429510,-0.4526999890804291,-0.08839999884366989,0.10000000149011612
1783806429530,-0.45260000228881836,-0.08829999715089798,0.10000000149011612
1783806429550,-0.45249998569488525,-0.08810000121593475,0.10000000149011612
1783806429570,-0.45239999890327454,-0.08799999952316284,0.10000000149011612
1783806429590,-0.4523000121116638,-0.08799999952316284,0.10000000149011612
1783806429610,-0.4521999955177307,-0.08780000358819962,0.10000000149011612
1783806429630,-0.45210000872612,-0.0877000018954277,0.10000000149011612
1783806429650,-0.4519999921321869,-0.0877000018954277,0.10000000149011612
1783806429670,-0.4519999921321869,-0.08749999850988388,0.10000000149011612
1783806429690,-0.45190000534057617,-0.08739999681711197,0.10000000149011612
1783806429710,-0.45179998874664307,-0.08720000088214874,0.10000000149011612
1783806429730,-0.45170000195503235,-0.08720000088214874,0.10000000149011612
1783806429750,-0.45159998536109924,-0.08709999918937683,0.10000000149011612
1783806429770,-0.45159998536109924,-0.08709999918937683,0.10000000149011612
1783806429790,-0.4514999985694885,-0.0869000032544136,0.10000000149011612
1783806429810,-0.4514000117778778,-0.0869000032544136,0.10000000149011612
1783806429830,-0.4512999951839447,-0.0868000015616417,0.10000000149011612
1783806429850,-0.4512999951839447,-0.0868000015616417,0.10000000149011612
1783806429870,-0.4512999951839447,-0.0868000015616417,0.10000000149011612
1783806429890,-0.451200008392334,-0.08669999986886978,0.10000000149011612
1783806429910,-0.451200008392334,-0.08649999648332596,0.10000000149011612
1783806429930,-0.4510999917984009,-0.08649999648332596,0.10000000149011612
1783806429950,-0.4510999917984009,-0.08649999648332596,0.10000000149011612
1783806429970,-0.45100000500679016,-0.08640000224113464,0.10000000149011612
1783806429990,-0.45100000500679016,-0.08640000224113464,0.10000000149011612
1783806430010,-0.45100000500679016,-0.08619999885559082,0.10000000149011612
1783806430030,-0.45089998841285706,-0.08619999885559082,0.10999999940395355
1783806430050,-0.45089998841285706,-0.08619999885559082,0.10999999940395355
1783806430070,-0.45089998841285706,-0.08619999885559082,0.10999999940395355
1783806430090,-0.45080000162124634,-0.08609999716281891,0.10999999940395355
1783806430110,-0.45080000162124634,-0.08609999716281891,0.10000000149011612
1783806430130,-0.45080000162124634,-0.08609999716281891,0.10999999940395355
1783806430150,-0.45080000162124634,-0.08590000122785568,0.10999999940395355
1783806430170,-0.45080000162124634,-0.08590000122785568,0.10999999940395355
1783806430190,-0.4507000148296356,-0.08590000122785568,0.10999999940395355
1783806430210,-0.4507000148296356,-0.08590000122785568,0.10999999940395355
1783806430230,-0.4507000148296356,-0.08590000122785568,0.10000000149011612
1783806430250,-0.4507000148296356,-0.08590000122785568,0.10999999940395355
1783806430270,-0.4507000148296356,-0.08590000122785568,0.10999999940395355
1783806430290,-0.4507000148296356,-0.08579999953508377,0.10999999940395355
1783806430311,-0.4507000148296356,-0.08579999953508377,0.10999999940395355
1783806430331,-0.4507000148296356,-0.08579999953508377,0.10999999940395355
1783806430351,-0.4507000148296356,-0.08579999953508377,0.10999999940395355
1783806430371,-0.4507000148296356,-0.08579999953508377,0.10999999940395355
1783806430391,-0.4507000148296356,-0.08579999953508377,0.10999999940395355
1783806430411,-0.4507000148296356,-0.08579999953508377,0.10999999940395355
1783806430431,-0.4507000148296356,-0.08579999953508377,0.10999999940395355
1783806430451,-0.4507000148296356,-0.08579999953508377,0.10999999940395355
1783806430471,-0.4507000148296356,-0.08579999953508377,0.10999999940395355
1783806430491,-0.4507000148296356,-0.08579999953508377,0.10999999940395355
1783806430511,-0.4507000148296356,-0.08579999953508377,0.10999999940395355
1783806430531,-0.4507000148296356,-0.08579999953508377,0.10999999940395355
1783806430551,-0.4507000148296356,-0.08579999953508377,0.10999999940395355
1783806430571,-0.4507000148296356,-0.08579999953508377,0.10999999940395355
1783806430591,-0.4507000148296356,-0.08590000122785568,0.10999999940395355
1783806430611,-0.4507000148296356,-0.08590000122785568,0.10999999940395355
1783806430631,-0.4507000148296356,-0.08590000122785568,0.10999999940395355
1783806430651,-0.4507000148296356,-0.08590000122785568,0.10999999940395355
1783806430671,-0.4507000148296356,-0.08590000122785568,0.10999999940395355
1783806430691,-0.4507000148296356,-0.08579999953508377,0.10999999940395355
1783806430711,-0.4507000148296356,-0.08579999953508377,0.10999999940395355
1783806430731,-0.4507000148296356,-0.08579999953508377,0.10999999940395355
1783806430751,-0.4507000148296356,-0.08579999953508377,0.10999999940395355
1783806430771,-0.4507000148296356,-0.08579999953508377,0.10999999940395355
1783806430791,-0.4507000148296356,-0.08579999953508377,0.10999999940395355
1783806430811,-0.4507000148296356,-0.08579999953508377,0.10000000149011612
1783806430831,-0.4507000148296356,-0.08579999953508377,0.10000000149011612
1783806430851,-0.4507000148296356,-0.08579999953508377,0.10000000149011612
1783806430871,-0.4507000148296356,-0.08579999953508377,0.10999999940395355
1783806430891,-0.4507000148296356,-0.08579999953508377,0.10999999940395355
1783806430911,-0.4507000148296356,-0.08579999953508377,0.10999999940395355
1783806430931,-0.4507000148296356,-0.08579999953508377,0.10999999940395355
1783806430951,-0.4507000148296356,-0.08579999953508377,0.10999999940395355
1783806430971,-0.4507000148296356,-0.08579999953508377,0.10999999940395355
1783806430991,-0.4507000148296356,-0.08579999953508377,0.10999999940395355
1783806431011,-0.4507000148296356,-0.08579999953508377,0.10999999940395355
1783806431031,-0.4507000148296356,-0.08579999953508377,0.10999999940395355
1783806431051,-0.4507000148296356,-0.08579999953508377,0.10999999940395355
1783806431071,-0.4507000148296356,-0.08579999953508377,0.10999999940395355
1783806431091,-0.4507000148296356,-0.08579999953508377,0.10999999940395355
1783806431111,-0.4507000148296356,-0.08579999953508377,0.10999999940395355
1783806431131,-0.4507000148296356,-0.08579999953508377,0.10999999940395355
1783806431151,-0.4507000148296356,-0.08579999953508377,0.10999999940395355
1783806431171,-0.4507000148296356,-0.08579999953508377,0.10999999940395355
1783806431191,-0.4507000148296356,-0.08579999953508377,0.10999999940395355
1783806431211,-0.4507000148296356,-0.08579999953508377,0.10999999940395355
1783806431231,-0.4507000148296356,-0.08579999953508377,0.10999999940395355
1783806431251,-0.4507000148296356,-0.08579999953508377,0.10999999940395355
1783806431272,-0.4507000148296356,-0.08579999953508377,0.10999999940395355
1783806431292,-0.4507000148296356,-0.08579999953508377,0.10999999940395355
1783806431312,-0.4507000148296356,-0.08579999953508377,0.10999999940395355
1783806431332,-0.4507000148296356,-0.08579999953508377,0.10999999940395355
1783806431352,-0.4507000148296356,-0.08579999953508377,0.10999999940395355
1783806431372,-0.4507000148296356,-0.08579999953508377,0.10999999940395355
1783806431392,-0.4507000148296356,-0.08579999953508377,0.10999999940395355
1783806431412,-0.4507000148296356,-0.08579999953508377,0.10999999940395355
1783806431432,-0.4507000148296356,-0.08579999953508377,0.10999999940395355
1783806431452,-0.4507000148296356,-0.08579999953508377,0.10999999940395355
1783806431472,-0.4507000148296356,-0.08579999953508377,0.10999999940395355
1783806431492,-0.4507000148296356,-0.08579999953508377,0.10999999940395355
1783806431512,-0.4507000148296356,-0.08579999953508377,0.10999999940395355
1783806431532,-0.4507000148296356,-0.08579999953508377,0.10999999940395355
1783806431552,-0.4507000148296356,-0.08579999953508377,0.10999999940395355
1783806431572,-0.4507000148296356,-0.08579999953508377,0.10999999940395355
1783806431592,-0.4507000148296356,-0.08579999953508377,0.10999999940395355
1783806431612,-0.4507000148296356,-0.08579999953508377,0.10999999940395355
1783806431632,-0.4507000148296356,-0.08579999953508377,0.10999999940395355
1783806431652,-0.4507000148296356,-0.08579999953508377,0.10999999940395355
1783806431672,-0.4507000148296356,-0.08579999953508377,0.10999999940395355
1783806431692,-0.4507000148296356,-0.08579999953508377,0.10999999940395355
1783806431712,-0.4507000148296356,-0.08579999953508377,0.10999999940395355
1783806431732,-0.4507000148296356,-0.08579999953508377,0.10999999940395355
1783806431752,-0.4507000148296356,-0.08579999953508377,0.10999999940395355
1783806431772,-0.4507000148296356,-0.08579999953508377,0.10999999940395355
1783806431792,-0.4507000148296356,-0.08579999953508377,0.10999999940395355
1783806431812,-0.4507000148296356,-0.08579999953508377,0.10999999940395355
1783806431832,-0.4507000148296356,-0.08579999953508377,0.10999999940395355
1783806431852,-0.4507000148296356,-0.08579999953508377,0.10999999940395355
1783806431872,-0.4507000148296356,-0.08579999953508377,0.10999999940395355
1783806431892,-0.4507000148296356,-0.08579999953508377,0.10999999940395355
1783806431912,-0.4507000148296356,-0.08579999953508377,0.10999999940395355
1783806431932,-0.4507000148296356,-0.08579999953508377,0.10999999940395355
1783806431952,-0.4507000148296356,-0.08579999953508377,0.10999999940395355
1783806431972,-0.4507000148296356,-0.08579999953508377,0.10999999940395355
1783806431992,-0.4507000148296356,-0.08579999953508377,0.10999999940395355
1783806432012,-0.4507000148296356,-0.08579999953508377,0.10999999940395355
1783806432032,-0.4507000148296356,-0.08579999953508377,0.10999999940395355
1783806432052,-0.4507000148296356,-0.08579999953508377,0.10999999940395355
1783806432072,-0.4507000148296356,-0.08579999953508377,0.10999999940395355
1783806432092,-0.4507000148296356,-0.08579999953508377,0.10999999940395355
1783806432112,-0.4507000148296356,-0.08579999953508377,0.10999999940395355
1783806432132,-0.4507000148296356,-0.08579999953508377,0.10999999940395355
1783806432152,-0.4507000148296356,-0.08579999953508377,0.10999999940395355
1783806432172,-0.4507000148296356,-0.08579999953508377,0.10999999940395355
1783806432192,-0.4507000148296356,-0.08579999953508377,0.10999999940395355
1783806432212,-0.4507000148296356,-0.08579999953508377,0.10999999940395355
1783806432232,-0.4507000148296356,-0.08579999953508377,0.10999999940395355
1783806432252,-0.4507000148296356,-0.08579999953508377,0.10999999940395355
1783806432273,-0.4507000148296356,-0.08579999953508377,0.10999999940395355
1783806432293,-0.4507000148296356,-0.08579999953508377,0.10999999940395355
1783806432313,-0.4507000148296356,-0.08579999953508377,0.10999999940395355
1783806432333,-0.4507000148296356,-0.08579999953508377,0.10999999940395355
1783806432353,-0.4507000148296356,-0.08579999953508377,0.10999999940395355
1783806432373,-0.4507000148296356,-0.08579999953508377,0.10999999940395355
1783806432393,-0.4507000148296356,-0.08579999953508377,0.10999999940395355
1783806432413,-0.4507000148296356,-0.08579999953508377,0.10999999940395355
1783806432433,-0.4507000148296356,-0.08579999953508377,0.10999999940395355
1783806432453,-0.4507000148296356,-0.08579999953508377,0.10999999940395355
1783806432473,-0.4507000148296356,-0.08579999953508377,0.10999999940395355
1783806432493,-0.4507000148296356,-0.08579999953508377,0.10999999940395355
1783806432513,-0.4507000148296356,-0.08579999953508377,0.10999999940395355
1783806432533,-0.4507000148296356,-0.08579999953508377,0.10999999940395355
1783806432553,-0.4507000148296356,-0.08579999953508377,0.10999999940395355
1783806432573,-0.4507000148296356,-0.08579999953508377,0.10999999940395355
1783806432593,-0.4507000148296356,-0.08579999953508377,0.10999999940395355
1783806432613,-0.4507000148296356,-0.08579999953508377,0.10999999940395355
1783806432633,-0.4507000148296356,-0.08579999953508377,0.10999999940395355
1783806432653,-0.4507000148296356,-0.08579999953508377,0.10999999940395355
1783806432673,-0.4507000148296356,-0.08579999953508377,0.10999999940395355
1783806432693,-0.4507000148296356,-0.08579999953508377,0.10999999940395355
1783806432713,-0.4507000148296356,-0.08579999953508377,0.10999999940395355
1783806432733,-0.4507000148296356,-0.08579999953508377,0.10999999940395355
1783806432753,-0.4507000148296356,-0.08579999953508377,0.10999999940395355
1783806432773,-0.4507000148296356,-0.08579999953508377,0.10999999940395355
1783806432793,-0.4507000148296356,-0.08579999953508377,0.10999999940395355
1783806432813,-0.4507000148296356,-0.08579999953508377,0.10999999940395355
1783806432833,-0.4507000148296356,-0.08579999953508377,0.10999999940395355
1783806432853,-0.4507000148296356,-0.08579999953508377,0.10999999940395355
1783806432873,-0.4507000148296356,-0.08579999953508377,0.10999999940395355
1783806432893,-0.4507000148296356,-0.08579999953508377,0.10999999940395355
1783806432913,-0.4507000148296356,-0.08579999953508377,0.10999999940395355
1783806432933,-0.4507000148296356,-0.08579999953508377,0.10999999940395355
1783806432953,-0.4507000148296356,-0.08579999953508377,0.10999999940395355
1783806432973,-0.4505999982357025,-0.08579999953508377,0.10999999940395355
1783806432993,-0.4505999982357025,-0.08579999953508377,0.10999999940395355
1783806433013,-0.4507000148296356,-0.08579999953508377,0.10999999940395355
1783806433033,-0.4507000148296356,-0.08579999953508377,0.10999999940395355
1783806433053,-0.4507000148296356,-0.08579999953508377,0.10999999940395355
1783806433073,-0.4505999982357025,-0.08579999953508377,0.10999999940395355
1783806433093,-0.4505999982357025,-0.08579999953508377,0.10999999940395355
1783806433113,-0.4505999982357025,-0.08579999953508377,0.10999999940395355
1783806433133,-0.4507000148296356,-0.08579999953508377,0.10999999940395355
1783806433153,-0.4507000148296356,-0.08579999953508377,0.10999999940395355
1783806433173,-0.4507000148296356,-0.08579999953508377,0.10999999940395355
1783806433193,-0.4507000148296356,-0.08579999953508377,0.10999999940395355
1783806433213,-0.4507000148296356,-0.08579999953508377,0.10999999940395355
1783806433233,-0.4505999982357025,-0.08579999953508377,0.10999999940395355
1783806433253,-0.4507000148296356,-0.08579999953508377,0.10999999940395355
1783806433273,-0.4507000148296356,-0.08579999953508377,0.10999999940395355
1783806433294,-0.4507000148296356,-0.08579999953508377,0.10999999940395355
1783806433313,-0.4505999982357025,-0.08579999953508377,0.10999999940395355
1783806433334,-0.4507000148296356,-0.08579999953508377,0.10999999940395355
1783806433354,-0.4507000148296356,-0.08579999953508377,0.10999999940395355
1783806433374,-0.4507000148296356,-0.08579999953508377,0.10999999940395355
1783806433394,-0.4507000148296356,-0.08579999953508377,0.10999999940395355
1783806433414,-0.4507000148296356,-0.08579999953508377,0.10999999940395355
1783806433434,-0.4507000148296356,-0.08579999953508377,0.10999999940395355
1783806433454,-0.4507000148296356,-0.08579999953508377,0.10999999940395355
1783806433474,-0.4507000148296356,-0.08579999953508377,0.10999999940395355
1783806433494,-0.4507000148296356,-0.08579999953508377,0.10999999940395355
1783806433514,-0.4505999982357025,-0.08579999953508377,0.10999999940395355
1783806433534,-0.4507000148296356,-0.08579999953508377,0.10999999940395355
1783806433554,-0.4507000148296356,-0.08579999953508377,0.10999999940395355
1783806433574,-0.4507000148296356,-0.08579999953508377,0.10999999940395355
1783806433594,-0.4507000148296356,-0.08579999953508377,0.10999999940395355
1783806433614,-0.4507000148296356,-0.08579999953508377,0.10999999940395355
1783806433634,-0.4507000148296356,-0.08579999953508377,0.10999999940395355
1783806433654,-0.4507000148296356,-0.08579999953508377,0.10999999940395355
1783806433674,-0.4507000148296356,-0.08579999953508377,0.10999999940395355
1783806433694,-0.4507000148296356,-0.08579999953508377,0.10999999940395355
1783806433714,-0.4507000148296356,-0.08579999953508377,0.10999999940395355
1783806433734,-0.4507000148296356,-0.08579999953508377,0.10999999940395355
1783806433754,-0.4507000148296356,-0.08579999953508377,0.10999999940395355
1783806433774,-0.4507000148296356,-0.08579999953508377,0.10999999940395355
1783806433794,-0.4505999982357025,-0.08590000122785568,0.10999999940395355
1783806433814,-0.4507000148296356,-0.08579999953508377,0.10000000149011612
1783806433834,-0.4507000148296356,-0.08579999953508377,0.10000000149011612
1783806433854,-0.4507000148296356,-0.08579999953508377,0.10000000149011612
1783806433874,-0.4507000148296356,-0.08579999953508377,0.10999999940395355
1783806433894,-0.4507000148296356,-0.08579999953508377,0.10000000149011612
1783806433914,-0.4507000148296356,-0.08579999953508377,0.10999999940395355
1783806433934,-0.4507000148296356,-0.08579999953508377,0.10999999940395355
1783806433954,-0.4507000148296356,-0.08579999953508377,0.10999999940395355
1783806433974,-0.4507000148296356,-0.08579999953508377,0.10999999940395355
1783806433994,-0.4507000148296356,-0.08579999953508377,0.10999999940395355
1783806434014,-0.4507000148296356,-0.08579999953508377,0.10999999940395355
1783806434034,-0.4507000148296356,-0.08579999953508377,0.10999999940395355
1783806434054,-0.4507000148296356,-0.08579999953508377,0.10999999940395355
1783806434074,-0.4507000148296356,-0.08579999953508377,0.10999999940395355
1783806434094,-0.4507000148296356,-0.08579999953508377,0.10999999940395355
1783806434114,-0.4507000148296356,-0.08579999953508377,0.10999999940395355
1783806434134,-0.4507000148296356,-0.08579999953508377,0.10999999940395355
1783806434154,-0.4507000148296356,-0.08579999953508377,0.10999999940395355
1783806434174,-0.4507000148296356,-0.08579999953508377,0.10999999940395355
1783806434194,-0.4507000148296356,-0.08579999953508377,0.10999999940395355
1783806434214,-0.4507000148296356,-0.08579999953508377,0.10999999940395355
1783806434234,-0.4507000148296356,-0.08579999953508377,0.10999999940395355
1783806434254,-0.4507000148296356,-0.08579999953508377,0.10999999940395355
1783806434274,-0.4507000148296356,-0.08579999953508377,0.10999999940395355
1783806434294,-0.4507000148296356,-0.08579999953508377,0.10999999940395355
1783806434314,-0.4507000148296356,-0.08579999953508377,0.10999999940395355
1783806434335,-0.4507000148296356,-0.08579999953508377,0.10000000149011612
1783806434355,-0.4507000148296356,-0.08579999953508377,0.10999999940395355
1783806434375,-0.4507000148296356,-0.08579999953508377,0.10999999940395355
1783806434395,-0.4507000148296356,-0.08579999953508377,0.10999999940395355
1783806434415,-0.4507000148296356,-0.08579999953508377,0.10999999940395355
1783806434435,-0.4507000148296356,-0.08579999953508377,0.10999999940395355
1783806434455,-0.4507000148296356,-0.08579999953508377,0.10999999940395355
1783806434475,-0.4507000148296356,-0.08579999953508377,0.10999999940395355
1783806434495,-0.4507000148296356,-0.08579999953508377,0.10999999940395355
1783806434515,-0.4507000148296356,-0.08579999953508377,0.10999999940395355
1783806434535,-0.4507000148296356,-0.08579999953508377,0.10999999940395355
1783806434555,-0.4507000148296356,-0.08579999953508377,0.10999999940395355
1783806434575,-0.4507000148296356,-0.08579999953508377,0.10999999940395355
1783806434595,-0.4507000148296356,-0.08579999953508377,0.10999999940395355
1783806434615,-0.4507000148296356,-0.08579999953508377,0.10999999940395355
1783806434635,-0.4507000148296356,-0.08579999953508377,0.10999999940395355
1783806434655,-0.4507000148296356,-0.08579999953508377,0.10999999940395355
1783806434675,-0.4507000148296356,-0.08579999953508377,0.10999999940395355
1783806434695,-0.4507000148296356,-0.08579999953508377,0.10999999940395355
1783806434715,-0.4507000148296356,-0.08579999953508377,0.10999999940395355
1783806434735,-0.4507000148296356,-0.08579999953508377,0.10999999940395355
1783806434755,-0.4507000148296356,-0.08579999953508377,0.10999999940395355
1783806434775,-0.4507000148296356,-0.08579999953508377,0.10999999940395355
1783806434795,-0.4507000148296356,-0.08579999953508377,0.10999999940395355
1783806434815,-0.4507000148296356,-0.08579999953508377,0.10000000149011612
1783806434835,-0.4507000148296356,-0.08579999953508377,0.10000000149011612
1783806434855,-0.4507000148296356,-0.08579999953508377,0.10999999940395355
1783806434875,-0.4507000148296356,-0.08579999953508377,0.10999999940395355
1783806434895,-0.4507000148296356,-0.08590000122785568,0.10999999940395355
1783806434915,-0.4505999982357025,-0.08590000122785568,0.10999999940395355
1783806434935,-0.4505999982357025,-0.08590000122785568,0.10999999940395355
1783806434955,-0.4505999982357025,-0.08590000122785568,0.10999999940395355
1783806434975,-0.4505999982357025,-0.08590000122785568,0.10999999940395355
1783806434995,-0.4505999982357025,-0.08590000122785568,0.10999999940395355
1783806435015,-0.4505999982357025,-0.08590000122785568,0.10999999940395355
1783806435035,-0.4505999982357025,-0.08579999953508377,0.10999999940395355
1783806435055,-0.4505999982357025,-0.08579999953508377,0.10999999940395355
1783806435075,-0.4505999982357025,-0.08590000122785568,0.10999999940395355
1783806435095,-0.4505999982357025,-0.08590000122785568,0.10999999940395355
1783806435115,-0.4505999982357025,-0.08590000122785568,0.10999999940395355
1783806435135,-0.4505999982357025,-0.08590000122785568,0.10999999940395355
1783806435155,-0.4505999982357025,-0.08590000122785568,0.10999999940395355
1783806435175,-0.4505999982357025,-0.08590000122785568,0.10999999940395355
1783806435195,-0.4505999982357025,-0.08609999716281891,0.10999999940395355
1783806435215,-0.4505000114440918,-0.08609999716281891,0.11999999731779099
1783806435235,-0.4505000114440918,-0.08609999716281891,0.11999999731779099
1783806435255,-0.4505000114440918,-0.08590000122785568,0.11999999731779099
1783806435276,-0.4505000114440918,-0.08590000122785568,0.11999999731779099
1783806435295,-0.4456000030040741,-0.0877000018954277,0.30000001192092896
1783806435316,-0.4401000142097473,-0.09019999951124191,0.550000011920929
1783806435336,-0.4345000088214874,-0.09279999881982803,0.800000011920929
1783806435356,-0.42890000343322754,-0.09529999643564224,1.0499999523162842
1783806435376,-0.4235000014305115,-0.09780000150203705,1.2899999618530273
1783806435396,-0.4180999994277954,-0.10029999911785126,1.5299999713897705
1783806435416,-0.41280001401901245,-0.10279999673366547,1.7799999713897705
1783806435436,-0.4075999855995178,-0.10530000180006027,2.009999990463257
1783806435456,-0.4025000035762787,-0.10779999941587448,2.259999990463257
1783806435476,-0.39739999175071716,-0.11029999703168869,2.5
1783806435496,-0.39239999651908875,-0.11270000040531158,2.740000009536743
1783806435516,-0.38760000467300415,-0.11500000208616257,2.9700000286102295
1783806435536,-0.38269999623298645,-0.11749999970197678,3.2100000381469727
1783806435556,-0.3779999911785126,-0.11990000307559967,3.440000057220459
1783806435576,-0.3732999861240387,-0.12219999730587006,3.6700000762939453
1783806435596,-0.3686999976634979,-0.12460000067949295,3.9000000953674316
1783806435616,-0.36410000920295715,-0.12690000236034393,4.139999866485596
1783806435636,-0.3598000109195709,-0.1290999948978424,4.369999885559082
1783806435656,-0.3553999960422516,-0.1315000057220459,4.599999904632568
1783806435676,-0.35100001096725464,-0.13369999825954437,4.820000171661377
1783806435696,-0.3467000126838684,-0.13600000739097595,5.050000190734863
1783806435716,-0.3425000011920929,-0.13840000331401825,5.269999980926514
1783806435736,-0.3384000062942505,-0.14059999585151672,5.5
1783806435756,-0.3343000113964081,-0.1428000032901764,5.71999979019165
1783806435776,-0.3303000032901764,-0.14489999413490295,5.929999828338623
1783806435796,-0.3264000117778778,-0.14710000157356262,6.139999866485596
1783806435816,-0.32249999046325684,-0.1492999941110611,6.360000133514404
1783806435836,-0.31869998574256897,-0.15129999816417694,6.570000171661377
1783806435856,-0.3149000108242035,-0.1534000039100647,6.78000020980835
1783806435876,-0.3111000061035156,-0.15559999644756317,6.989999771118164
1783806435896,-0.3075000047683716,-0.15770000219345093,7.199999809265137
1783806435916,-0.30379998683929443,-0.15970000624656677,7.400000095367432
1783806435936,-0.3001999855041504,-0.16179999709129333,7.599999904632568
1783806435956,-0.29660001397132874,-0.16369999945163727,7.800000190734863
1783806435976,-0.2930999994277954,-0.1656000018119812,8.0
1783806435996,-0.2897000014781952,-0.16750000417232513,8.199999809265137
1783806436016,-0.28630000352859497,-0.1695999950170517,8.390000343322754
1783806436036,-0.28290000557899475,-0.17149999737739563,8.579999923706055
1783806436056,-0.27970001101493835,-0.17339999973773956,8.770000457763672
1783806436076,-0.27639999985694885,-0.17509999871253967,8.949999809265137
1783806436096,-0.27309998869895935,-0.1768999993801117,9.140000343322754
1783806436116,-0.27000001072883606,-0.17880000174045563,9.329999923706055
1783806436136,-0.26669999957084656,-0.18060000240802765,9.529999732971191
1783806436156,-0.2635999917984009,-0.18250000476837158,9.710000038146973
1783806436176,-0.2605000138282776,-0.1843000054359436,9.899999618530273
1783806436196,-0.2574999928474426,-0.1860000044107437,10.079999923706055
1783806436216,-0.25459998846054077,-0.1875,10.229999542236328
1783806436236,-0.2517000138759613,-0.1890999972820282,10.390000343322754
1783806436256,-0.24869999289512634,-0.19089999794960022,10.550000190734863
1783806436277,-0.2459000051021576,-0.1923000067472458,10.699999809265137
1783806436297,-0.24310000240802765,-0.1941000074148178,10.859999656677246
1783806436317,-0.2402999997138977,-0.195700004696846,11.020000457763672
1783806436337,-0.23749999701976776,-0.1972000002861023,11.15999984741211
1783806436357,-0.23479999601840973,-0.1987999975681305,11.300000190734863
1783806436377,-0.2320999950170517,-0.20059999823570251,11.449999809265137
1783806436397,-0.22930000722408295,-0.2021999955177307,11.619999885559082
1783806436417,-0.22660000622272491,-0.2037999927997589,11.770000457763672
1783806436437,-0.2240000069141388,-0.2054000049829483,11.930000305175781
1783806436457,-0.22139999270439148,-0.2070000022649765,12.079999923706055
1783806436477,-0.21889999508857727,-0.2087000012397766,12.220000267028809
1783806436497,-0.21639999747276306,-0.210099995136261,12.350000381469727
1783806436517,-0.21389999985694885,-0.21160000562667847,12.479999542236328
1783806436537,-0.21140000224113464,-0.21310000121593475,12.600000381469727
1783806436557,-0.20880000293254852,-0.21449999511241913,12.710000038146973
1783806436577,-0.20649999380111694,-0.21619999408721924,12.819999694824219
1783806436597,-0.20389999449253082,-0.2176000028848648,12.930000305175781
1783806436617,-0.20160000026226044,-0.2190999984741211,13.050000190734863
1783806436637,-0.19939999282360077,-0.22059999406337738,13.170000076293945
1783806436657,-0.19699999690055847,-0.22220000624656677,13.289999961853027
1783806436677,-0.19449999928474426,-0.22380000352859497,13.380000114440918
1783806436697,-0.19220000505447388,-0.22529999911785126,13.479999542236328
1783806436717,-0.19020000100135803,-0.22669999301433563,13.600000381469727
1783806436737,-0.18799999356269836,-0.2282000035047531,13.699999809265137
1783806436757,-0.1858000010251999,-0.2296999990940094,13.800000190734863
1783806436777,-0.18359999358654022,-0.2312999963760376,13.890000343322754
1783806436797,-0.18140000104904175,-0.23280000686645508,13.979999542236328
1783806436817,-0.17919999361038208,-0.23420000076293945,14.069999694824219
1783806436837,-0.1770000010728836,-0.23569999635219574,14.149999618530273
1783806436857,-0.17489999532699585,-0.23729999363422394,14.229999542236328
1783806436877,-0.17270000278949738,-0.23880000412464142,14.300000190734863
1783806436897,-0.1704999953508377,-0.2402999997138977,14.380000114440918
1783806436917,-0.16830000281333923,-0.2418999969959259,14.4399995803833
1783806436937,-0.16609999537467957,-0.24330000579357147,14.510000228881836
1783806436957,-0.1639000028371811,-0.24480000138282776,14.5600004196167
1783806436977,-0.16169999539852142,-0.24639999866485596,14.619999885559082
1783806436997,-0.15940000116825104,-0.24789999425411224,14.670000076293945
1783806437017,-0.15719999372959137,-0.24940000474452972,14.720000267028809
1783806437037,-0.1551000028848648,-0.25099998712539673,14.760000228881836
1783806437057,-0.15289999544620514,-0.2524999976158142,14.800000190734863
1783806437077,-0.15070000290870667,-0.2538999915122986,14.84000015258789
1783806437097,-0.148499995470047,-0.25540000200271606,14.869999885559082
1783806437117,-0.14630000293254852,-0.25699999928474426,14.890000343322754
1783806437137,-0.14409999549388885,-0.25850000977516174,14.920000076293945
1783806437157,-0.14190000295639038,-0.25999999046325684,14.9399995803833
1783806437177,-0.13989999890327454,-0.2578999996185303,14.850000381469727
1783806437197,-0.13830000162124634,-0.25920000672340393,14.899999618530273
1783806437217,-0.13670000433921814,-0.260699987411499,14.9399995803833
1783806437237,-0.13500000536441803,-0.2619999945163727,14.970000267028809
1783806437257,-0.133200004696846,-0.26330000162124634,15.010000228881836
1783806437277,-0.1316000074148178,-0.2648000121116638,15.029999732971191
1783806437298,-0.12999999523162842,-0.2660999894142151,15.0600004196167
1783806437318,-0.1282999962568283,-0.26750001311302185,15.079999923706055
1783806437338,-0.1266999989748001,-0.2689000070095062,15.100000381469727
1783806437358,-0.125,-0.2702000141143799,15.109999656677246
1783806437378,-0.12330000102519989,-0.27160000801086426,15.119999885559082
1783806437398,-0.12160000205039978,-0.27300000190734863,15.119999885559082
1783806437418,-0.11999999731779099,-0.2745000123977661,15.119999885559082
1783806437438,-0.11840000003576279,-0.2759999930858612,15.119999885559082
1783806437458,-0.11670000106096268,-0.27730000019073486,15.109999656677246
1783806437478,-0.11500000208616257,-0.2782999873161316,15.100000381469727
1783806437498,-0.11320000141859055,-0.27950000762939453,15.079999923706055
1783806437518,-0.11150000244379044,-0.2806999981403351,15.0600004196167
1783806437538,-0.10970000177621841,-0.28220000863075256,15.029999732971191
1783806437558,-0.1080000028014183,-0.28349998593330383,15.0
1783806437578,-0.10639999806880951,-0.2847999930381775,14.970000267028809
1783806437598,-0.1046999990940094,-0.28610000014305115,14.930000305175781
1783806437618,-0.10300000011920929,-0.2874000072479248,14.890000343322754
1783806437638,-0.10130000114440918,-0.28859999775886536,14.850000381469727
1783806437658,-0.09960000216960907,-0.2897999882698059,14.8100004196167
1783806437678,-0.09790000319480896,-0.29100000858306885,14.770000457763672
1783806437698,-0.09629999846220016,-0.2921999990940094,14.720000267028809
1783806437718,-0.09470000118017197,-0.29350000619888306,14.670000076293945
1783806437738,-0.09309999644756317,-0.2946000099182129,14.619999885559082
1783806437758,-0.09149999916553497,-0.29580000042915344,14.5600004196167
1783806437778,-0.08980000019073486,-0.296999990940094,14.5
1783806437798,-0.08820000290870667,-0.29829999804496765,14.4399995803833
1783806437818,-0.08659999817609787,-0.2994999885559082,14.369999885559082
1783806437838,-0.08500000089406967,-0.30070000886917114,14.300000190734863
1783806437858,-0.08349999785423279,-0.30169999599456787,14.229999542236328
1783806437878,-0.08179999887943268,-0.3028999865055084,14.170000076293945
1783806437898,-0.08030000329017639,-0.30410000681877136,14.09000015258789
1783806437918,-0.07880000025033951,-0.3052000105381012,14.010000228881836
1783806437938,-0.0771000012755394,-0.30660000443458557,13.920000076293945
1783806437958,-0.0754999965429306,-0.3075999915599823,13.84000015258789
1783806437978,-0.0737999975681305,-0.30880001187324524,13.75
1783806437998,-0.0723000019788742,-0.3098999857902527,13.65999984741211
1783806438018,-0.07079999893903732,-0.3111000061035156,13.569999694824219
1783806438038,-0.06939999759197235,-0.3122999966144562,13.470000267028809
1783806438058,-0.06780000030994415,-0.31349998712539673,13.369999885559082
1783806438078,-0.06629999727010727,-0.31459999084472656,13.270000457763672
1783806438098,-0.06469999998807907,-0.3158000111579895,13.170000076293945
1783806438118,-0.06319999694824219,-0.31700000166893005,13.0600004196167
1783806438138,-0.06159999966621399,-0.3181999921798706,12.949999809265137
1783806438158,-0.060100000351667404,-0.31929999589920044,12.84000015258789
1783806438178,-0.05860000103712082,-0.3203999996185303,12.720000267028809
1783806438198,-0.05719999969005585,-0.32170000672340393,12.600000381469727
1783806438218,-0.05570000037550926,-0.3228999972343445,12.470000267028809
1783806438238,-0.054099999368190765,-0.3240000009536743,12.350000381469727
1783806438258,-0.05260000005364418,-0.32510000467300415,12.229999542236328
1783806438279,-0.051100000739097595,-0.3262999951839447,12.100000381469727
1783806438298,-0.04960000142455101,-0.32739999890327454,11.970000267028809
1783806438319,-0.04809999838471413,-0.3285999894142151,11.84000015258789
1783806438339,-0.04670000076293945,-0.329800009727478,11.699999809265137
1783806438359,-0.04529999941587448,-0.3310000002384186,11.5600004196167
1783806438379,-0.043699998408555984,-0.3319999873638153,11.420000076293945
1783806438399,-0.0421999990940094,-0.33329999446868896,11.270000457763672
1783806438419,-0.040699999779462814,-0.3343000113964081,11.119999885559082
1783806438439,-0.03929999843239784,-0.33570000529289246,10.970000267028809
1783806438459,-0.03779999911785126,-0.3366999924182892,10.819999694824219
1783806438479,-0.03629999980330467,-0.3377000093460083,10.65999984741211
1783806438499,-0.03480000048875809,-0.33889999985694885,10.5
1783806438519,-0.033399999141693115,-0.3400999903678894,10.34000015258789
1783806438539,-0.03180000185966492,-0.34119999408721924,10.180000305175781
1783806438559,-0.030400000512599945,-0.3424000144004822,10.010000228881836
1783806438579,-0.02889999933540821,-0.3434999883174896,9.850000381469727
1783806438599,-0.027400000020861626,-0.34459999203681946,9.670000076293945
1783806438619,-0.025800000876188278,-0.3458000123500824,9.489999771118164
1783806438639,-0.024299999698996544,-0.34700000286102295,9.319999694824219
1783806438659,-0.02290000021457672,-0.3481999933719635,9.140000343322754
1783806438679,-0.021700000390410423,-0.34929999709129333,8.970000267028809
1783806438699,-0.02019999921321869,-0.35040000081062317,8.789999961853027
1783806438719,-0.018799999728798866,-0.351500004529953,8.600000381469727
1783806438739,-0.01720000058412552,-0.35269999504089355,8.40999984741211
1783806438759,-0.015799999237060547,-0.3538999855518341,8.210000038146973
1783806438779,-0.014299999922513962,-0.35519999265670776,8.020000457763672
1783806438799,-0.012900000438094139,-0.3564000129699707,7.820000171661377
1783806438819,-0.011500000022351742,-0.35740000009536743,7.630000114440918
1783806438839,-0.009999999776482582,-0.358599990606308,7.429999828338623
1783806438859,-0.008700000122189522,-0.3598000109195709,7.239999771118164
1783806438879,-0.007300000172108412,-0.36090001463890076,7.03000020980835
1783806438899,-0.005900000222027302,-0.3621000051498413,6.840000152587891
1783806438919,-0.0044999998062849045,-0.36329999566078186,6.639999866485596
1783806438939,-0.0031999999191612005,-0.3644999861717224,6.440000057220459
1783806438959,-0.0017999999690800905,-0.36579999327659607,6.239999771118164
1783806438979,-0.00019999999494757503,-0.367000013589859,6.019999980926514
1783806438999,0.0013000000035390258,-0.36809998750686646,5.800000190734863
1783806439019,0.0027000000700354576,-0.3693000078201294,5.579999923706055
1783806439039,0.004000000189989805,-0.37059998512268066,5.360000133514404
1783806439059,0.005499999970197678,-0.3718000054359436,5.139999866485596
1783806439079,0.006899999920278788,-0.37299999594688416,4.920000076293945
1783806439099,0.008299999870359898,-0.37400001287460327,4.690000057220459
1783806439119,0.009800000116229057,-0.3752000033855438,4.46999979019165
1783806439139,0.01119999960064888,-0.3763999938964844,4.25
1783806439159,0.012600000016391277,-0.3776000142097473,4.019999980926514
1783806439179,0.014100000262260437,-0.37869998812675476,3.7899999618530273
1783806439199,0.015599999576807022,-0.3799000084400177,3.549999952316284
1783806439219,0.017000000923871994,-0.38119998574256897,3.319999933242798
1783806439239,0.018400000408291817,-0.3824000060558319,3.0799999237060547
1783806439259,0.019899999722838402,-0.38359999656677246,2.8399999141693115
1783806439279,0.021299999207258224,-0.384799987077713,2.5999999046325684
1783806439300,0.022700000554323196,-0.38589999079704285,2.359999895095825
1783806439319,0.02410000003874302,-0.3873000144958496,2.119999885559082
1783806439340,0.025699999183416367,-0.38839998841285706,1.8700000047683716
1783806439360,0.02710000053048134,-0.38960000872612,1.6299999952316284
1783806439380,0.02850000001490116,-0.39079999923706055,1.3899999856948853
1783806439400,0.029899999499320984,-0.3919999897480011,1.1299999952316284
1783806439420,0.031300000846385956,-0.39309999346733093,0.8799999952316284
1783806439440,0.03269999846816063,-0.39430001378059387,0.6200000047683716
1783806439460,0.032499998807907104,-0.39480000734329224,0.5199999809265137
1783806439480,0.031199999153614044,-0.3953000009059906,0.5
1783806439500,0.02979999966919422,-0.39590001106262207,0.49000000953674316
1783806439520,0.028300000354647636,-0.39649999141693115,0.4699999988079071
1783806439540,0.027000000700354576,-0.3971000015735626,0.4300000071525574
1783806439560,0.025800000876188278,-0.39750000834465027,0.38999998569488525
1783806439580,0.02449999935925007,-0.39809998869895935,0.36000001430511475
1783806439600,0.02319999970495701,-0.3986000120639801,0.3199999928474426
1783806439620,0.021900000050663948,-0.3991999924182892,0.2800000011920929
1783806439640,0.020500000566244125,-0.39980000257492065,0.23000000417232513
1783806439660,0.019300000742077827,-0.400299996137619,0.18000000715255737
1783806439680,0.017899999395012856,-0.4009000062942505,0.11999999731779099
1783806439700,0.016899999231100082,-0.40119999647140503,0.10000000149011612
1783806439720,0.01590000092983246,-0.40149998664855957,0.14000000059604645
1783806439740,0.01510000042617321,-0.4020000100135803,0.18000000715255737
1783806439760,0.0142000000923872,-0.40220001339912415,0.2199999988079071
1783806439780,0.013399999588727951,-0.4027000069618225,0.25
1783806439800,0.012400000356137753,-0.40310001373291016,0.27000001072883606
1783806439820,0.011599999852478504,-0.4034000039100647,0.30000001192092896
1783806439840,0.010599999688565731,-0.40389999747276306,0.3199999928474426
1783806439860,0.009800000116229057,-0.4043000042438507,0.33000001311302185
1783806439880,0.008799999952316284,-0.40459999442100525,0.3400000035762787
1783806439900,0.00800000037997961,-0.4050000011920929,0.3499999940395355
1783806439920,0.0071000000461936,-0.40529999136924744,0.36000001430511475
1783806439940,0.006099999882280827,-0.4058000147342682,0.3499999940395355
1783806439960,0.0052999998442828655,-0.40619999170303345,0.3499999940395355
1783806439980,0.004399999976158142,-0.4066999852657318,0.3400000035762787
1783806440000,0.003599999938160181,-0.40709999203681946,0.33000001311302185
1783806440020,0.0027000000700354576,-0.4074999988079071,0.3100000023841858
1783806440040,0.0019000000320374966,-0.40779998898506165,0.30000001192092896
1783806440060,0.0010000000474974513,-0.4083000123500824,0.27000001072883606
1783806440100,-0.0008999999845400453,-0.4090000092983246,0.20999999344348907
1783806440120,-0.0017999999690800905,-0.40950000286102295,0.1599999964237213
1783806440140,-0.0026000000070780516,-0.4097000062465668,0.12999999523162842
1783806440160,-0.0035000001080334187,-0.41019999980926514,0.10999999940395355
1783806440180,-0.00430000014603138,-0.4104999899864197,0.11999999731779099
1783806440200,-0.005200000014156103,-0.4108000099658966,0.14000000059604645
1783806440220,-0.006000000052154064,-0.41110000014305115,0.1599999964237213
1783806440240,-0.006899999920278788,-0.4113999903202057,0.18000000715255737
1783806440260,-0.007799999788403511,-0.41179999709129333,0.1899999976158142
1783806440280,-0.00860000029206276,-0.4120999872684479,0.1899999976158142
1783806440300,-0.009499999694526196,-0.4124999940395355,0.1899999976158142
1783806440320,-0.010300000198185444,-0.41280001401901245,0.1899999976158142
1783806440340,-0.01119999960064888,-0.4133000075817108,0.1899999976158142
1783806440361,-0.012000000104308128,-0.41359999775886536,0.18000000715255737
1783806440381,-0.012900000438094139,-0.4138999879360199,0.1599999964237213
1783806440401,-0.013799999840557575,-0.41429999470710754,0.14000000059604645
1783806440421,-0.014600000344216824,-0.4146000146865845,0.12999999523162842
1783806440441,-0.015399999916553497,-0.414900004863739,0.11999999731779099
1783806440461,-0.01679999940097332,-0.4146000146865845,0.11999999731779099
1783806440481,-0.017999999225139618,-0.41429999470710754,0.14000000059604645
1783806440501,-0.019300000742077827,-0.4138999879360199,0.1599999964237213
1783806440521,-0.020500000566244125,-0.41359999775886536,0.18000000715255737
1783806440541,-0.021800000220537186,-0.413100004196167,0.1899999976158142
1783806440561,-0.023000000044703484,-0.41280001401901245,0.20000000298023224
1783806440581,-0.02410000003874302,-0.4124999940395355,0.20999999344348907
1783806440601,-0.02539999969303608,-0.4124000072479248,0.20999999344348907
1783806440621,-0.026599999517202377,-0.4120999872684479,0.20000000298023224
1783806440641,-0.027899999171495438,-0.41179999709129333,0.1899999976158142
1783806440661,-0.029100000858306885,-0.4117000102996826,0.18000000715255737
1783806440681,-0.030300000682473183,-0.4113999903202057,0.1599999964237213
1783806440701,-0.03150000050663948,-0.41110000014305115,0.14000000059604645
1783806440721,-0.03269999846816063,-0.4108000099658966,0.12999999523162842
1783806440741,-0.033799998462200165,-0.4106000065803528,0.11999999731779099
1783806440761,-0.03500000014901161,-0.41029998660087585,0.12999999523162842
1783806440781,-0.035999998450279236,-0.41019999980926514,0.12999999523162842
1783806440801,-0.03709999844431877,-0.41019999980926514,0.14000000059604645
1783806440821,-0.03799999877810478,-0.4099999964237213,0.14000000059604645
1783806440841,-0.03909999877214432,-0.4099999964237213,0.14000000059604645
1783806440861,-0.04010000079870224,-0.4099000096321106,0.15000000596046448
1783806440881,-0.04170000180602074,-0.4097000062465668,0.15000000596046448
1783806440901,-0.04349999874830246,-0.4092000126838684,0.15000000596046448
1783806440921,-0.04520000144839287,-0.40869998931884766,0.1599999964237213
1783806440941,-0.04699999839067459,-0.4083000123500824,0.1599999964237213
1783806440961,-0.048700001090765,-0.40779998898506165,0.1599999964237213
1783806440981,-0.05040000006556511,-0.4074000120162964,0.1599999964237213
1783806441001,-0.05209999904036522,-0.40700000524520874,0.15000000596046448
1783806441021,-0.05380000174045563,-0.4066999852657318,0.12999999523162842
1783806441041,-0.05550000071525574,-0.40619999170303345,0.10999999940395355
1783806441061,-0.057100001722574234,-0.4059000015258789,0.10999999940395355
1783806441081,-0.05849999934434891,-0.40560001134872437,0.10999999940395355
1783806441101,-0.05990000069141388,-0.4052000045776367,0.12999999523162842
1783806441121,-0.061400000005960464,-0.4049000144004822,0.14000000059604645
1783806441141,-0.06289999932050705,-0.40450000762939453,0.15000000596046448
1783806441161,-0.06430000066757202,-0.40400001406669617,0.1599999964237213
1783806441181,-0.065700002014637,-0.40369999408721924,0.1599999964237213
1783806441202,-0.06719999760389328,-0.4032999873161316,0.1599999964237213
1783806441221,-0.06859999895095825,-0.4027999937534332,0.15000000596046448
1783806441241,-0.07000000029802322,-0.4025000035762787,0.12999999523162842
1783806441262,-0.07150000333786011,-0.40209999680519104,0.10999999940395355
1783806441282,-0.07280000299215317,-0.4018000066280365,0.10999999940395355
1783806441302,-0.07410000264644623,-0.40149998664855957,0.10999999940395355
1783806441322,-0.07540000230073929,-0.40119999647140503,0.11999999731779099
1783806441342,-0.07660000026226044,-0.4011000096797943,0.12999999523162842
1783806441362,-0.07779999822378159,-0.4007999897003174,0.14000000059604645
1783806441382,-0.07909999787807465,-0.40049999952316284,0.15000000596046448
1783806441402,-0.0803999975323677,-0.4000000059604645,0.1599999964237213
1783806441422,-0.08169999718666077,-0.3993000090122223,0.17000000178813934
1783806441442,-0.08320000022649765,-0.3984000086784363,0.17000000178813934
1783806441462,-0.08460000157356262,-0.39750000834465027,0.18000000715255737
1783806441482,-0.08590000122785568,-0.39649999141693115,0.17000000178813934
1783806441502,-0.08739999681711197,-0.39559999108314514,0.17000000178813934
1783806441522,-0.08879999816417694,-0.39489999413490295,0.15000000596046448
1783806441542,-0.09019999951124191,-0.39399999380111694,0.14000000059604645
1783806441562,-0.09149999916553497,-0.39309999346733093,0.11999999731779099
1783806441582,-0.09290000051259995,-0.39239999651908875,0.10999999940395355
1783806441602,-0.094200000166893,-0.3917999863624573,0.11999999731779099
1783806441622,-0.09539999812841415,-0.3912000060081482,0.12999999523162842
1783806441642,-0.09669999778270721,-0.390500009059906,0.15000000596046448
1783806441662,-0.09780000150203705,-0.3898000121116638,0.1599999964237213
1783806441682,-0.09910000115633011,-0.38920000195503235,0.1599999964237213
1783806441702,-0.10029999911785126,-0.388700008392334,0.17000000178813934
1783806441722,-0.1014999970793724,-0.3880999982357025,0.17000000178813934
1783806441742,-0.10279999673366547,-0.38749998807907104,0.1599999964237213
1783806441762,-0.10400000214576721,-0.38679999113082886,0.14000000059604645
1783806441782,-0.10530000180006027,-0.3862000107765198,0.12999999523162842
1783806441802,-0.10649999976158142,-0.3856000006198883,0.11999999731779099
1783806441822,-0.10760000348091125,-0.38510000705718994,0.10999999940395355
1783806441842,-0.10890000313520432,-0.38449999690055847,0.11999999731779099
1783806441862,-0.10999999940395355,-0.3840000033378601,0.12999999523162842
1783806441882,-0.11129999905824661,-0.38359999656677246,0.14000000059604645
1783806441902,-0.11240000277757645,-0.3833000063896179,0.15000000596046448
1783806441922,-0.11349999904632568,-0.38269999623298645,0.15000000596046448
1783806441942,-0.11469999700784683,-0.38199999928474426,0.15000000596046448
1783806441962,-0.11580000072717667,-0.38109999895095825,0.15000000596046448
1783806441982,-0.1168999969959259,-0.3801000118255615,0.14000000059604645
1783806442002,-0.11800000071525574,-0.3790000081062317,0.11999999731779099
1783806442022,-0.11909999698400497,-0.37779998779296875,0.10999999940395355
1783806442042,-0.1200999990105629,-0.376800000667572,0.10999999940395355
1783806442062,-0.12129999697208405,-0.375900000333786,0.11999999731779099
1783806442082,-0.12219999730587006,-0.3750999867916107,0.11999999731779099
1783806442102,-0.12330000102519989,-0.3743000030517578,0.12999999523162842
1783806442122,-0.12430000305175781,-0.3734000027179718,0.11999999731779099
1783806442142,-0.12530000507831573,-0.3725999891757965,0.11999999731779099
1783806442162,-0.12630000710487366,-0.3718000054359436,0.10999999940395355
1783806442182,-0.12729999423027039,-0.3711000084877014,0.10999999940395355
1783806442202,-0.12839999794960022,-0.3702000081539154,0.11999999731779099
1783806442222,-0.12939999997615814,-0.3693000078201294,0.12999999523162842
1783806442242,-0.13050000369548798,-0.3686000108718872,0.14000000059604645
1783806442262,-0.131400004029274,-0.3677000105381012,0.14000000059604645
1783806442282,-0.1324000060558319,-0.3668000102043152,0.12999999523162842
1783806442302,-0.13330000638961792,-0.366100013256073,0.12999999523162842
1783806442323,-0.13439999520778656,-0.3653999865055084,0.11999999731779099
1783806442343,-0.13539999723434448,-0.3646000027656555,0.11999999731779099
1783806442363,-0.1363999992609024,-0.36390000581741333,0.10999999940395355
1783806442383,-0.13809999823570251,-0.3637000024318695,0.10999999940395355
1783806442403,-0.14069999754428864,-0.3644999861717224,0.11999999731779099
1783806442423,-0.14319999516010284,-0.3653999865055084,0.14000000059604645
1783806442443,-0.14579999446868896,-0.3662000000476837,0.15000000596046448
1783806442463,-0.14839999377727509,-0.3671000003814697,0.17000000178813934
1783806442483,-0.1509000062942505,-0.367900013923645,0.18000000715255737
1783806442503,-0.15330000221729279,-0.3686999976634979,0.18000000715255737
1783806442523,-0.155799999833107,-0.36959999799728394,0.18000000715255737
1783806442543,-0.1581999957561493,-0.37049999833106995,0.17000000178813934
1783806442563,-0.1606999933719635,-0.37139999866485596,0.15000000596046448
1783806442583,-0.163100004196167,-0.37229999899864197,0.12999999523162842
1783806442603,-0.1655000001192093,-0.37299999594688416,0.11999999731779099
1783806442623,-0.1678999960422516,-0.37369999289512634,0.10999999940395355
1783806442643,-0.17010000348091125,-0.37459999322891235,0.12999999523162842
1783806442663,-0.17229999601840973,-0.37529999017715454,0.14000000059604645
1783806442683,-0.1745000034570694,-0.37619999051094055,0.1599999964237213
1783806442703,-0.17669999599456787,-0.376800000667572,0.18000000715255737
1783806442723,-0.17890000343322754,-0.3772999942302704,0.18000000715255737
1783806442743,-0.1809999942779541,-0.37770000100135803,0.18000000715255737
1783806442763,-0.18310000002384186,-0.3783000111579895,0.18000000715255737
1783806442783,-0.18529999256134033,-0.37869998812675476,0.1599999964237213
1783806442803,-0.1875,-0.37950000166893005,0.15000000596046448
1783806442823,-0.18970000743865967,-0.38019999861717224,0.12999999523162842
1783806442843,-0.19179999828338623,-0.3808000087738037,0.10999999940395355
1783806442863,-0.19380000233650208,-0.3813999891281128,0.10999999940395355
1783806442883,-0.19580000638961792,-0.38199999928474426,0.10999999940395355
1783806442903,-0.19769999384880066,-0.38260000944137573,0.12999999523162842
1783806442923,-0.19949999451637268,-0.382999986410141,0.15000000596046448
1783806442943,-0.2013999968767166,-0.38359999656677246,0.1599999964237213
1783806442963,-0.20329999923706055,-0.3840000033378601,0.17000000178813934
1783806442983,-0.20509999990463257,-0.3846000134944916,0.17000000178813934
1783806443003,-0.2069000005722046,-0.38519999384880066,0.1599999964237213
1783806443023,-0.20880000293254852,-0.38580000400543213,0.15000000596046448
1783806443043,-0.21070000529289246,-0.3864000141620636,0.12999999523162842
1783806443063,-0.21250000596046448,-0.38679999113082886,0.11999999731779099
1783806443083,-0.2143000066280365,-0.3873000144958496,0.10999999940395355
1783806443103,-0.2160000056028366,-0.38769999146461487,0.10999999940395355
1783806443123,-0.21770000457763672,-0.38830000162124634,0.11999999731779099
1783806443143,-0.21930000185966492,-0.388700008392334,0.14000000059604645
1783806443163,-0.22089999914169312,-0.38920000195503235,0.15000000596046448
1783806443183,-0.22259999811649323,-0.3894999921321869,0.15000000596046448
1783806443203,-0.22429999709129333,-0.3898000121116638,0.15000000596046448
1783806443223,-0.22599999606609344,-0.3901999890804291,0.14000000059604645
1783806443243,-0.22759999334812164,-0.390500009059906,0.12999999523162842
1783806443263,-0.22920000553131104,-0.39079999923706055,0.11999999731779099
1783806443283,-0.23090000450611115,-0.3910999894142151,0.10999999940395355
1783806443304,-0.23260000348091125,-0.391400009393692,0.10999999940395355
1783806443324,-0.23409999907016754,-0.3917999863624573,0.11999999731779099
1783806443344,-0.23569999635219574,-0.3921000063419342,0.12999999523162842
1783806443363,-0.2371000051498413,-0.39239999651908875,0.14000000059604645
1783806443384,-0.2386000007390976,-0.3928000032901764,0.14000000059604645
1783806443404,-0.2401999980211258,-0.39309999346733093,0.12999999523162842
1783806443424,-0.24169999361038208,-0.3935999870300293,0.11999999731779099
1783806443444,-0.24320000410079956,-0.3939000070095062,0.10999999940395355
1783806443464,-0.24469999969005585,-0.39419999718666077,0.10999999940395355
1783806443484,-0.24619999527931213,-0.3944999873638153,0.11999999731779099
1783806443504,-0.2476000040769577,-0.39480000734329224,0.12999999523162842
1783806443524,-0.24899999797344208,-0.39500001072883606,0.12999999523162842
1783806443544,-0.25049999356269836,-0.3953000009059906,0.12999999523162842
1783806443564,-0.25189998745918274,-0.3955000042915344,0.11999999731779099
1783806443584,-0.2533000111579895,-0.39579999446868896,0.10999999940395355
1783806443604,-0.2547000050544739,-0.3961000144481659,0.10999999940395355
1783806443624,-0.25619998574256897,-0.39640000462532043,0.10999999940395355
1783806443644,-0.2574999928474426,-0.39649999141693115,0.11999999731779099
1783806443664,-0.258899986743927,-0.396699994802475,0.11999999731779099
1783806443684,-0.26030001044273376,-0.3970000147819519,0.11999999731779099
1783806443704,-0.26170000433921814,-0.3971000015735626,0.11999999731779099
1783806443724,-0.2630000114440918,-0.39730000495910645,0.10999999940395355
1783806443744,-0.26440000534057617,-0.39750000834465027,0.10999999940395355
1783806443764,-0.26570001244544983,-0.3977000117301941,0.10999999940395355
1783806443784,-0.2669999897480011,-0.3977999985218048,0.11999999731779099
1783806443804,-0.26840001344680786,-0.39809998869895935,0.11999999731779099
1783806443824,-0.26969999074935913,-0.3982999920845032,0.12999999523162842
1783806443844,-0.2709999978542328,-0.3984000086784363,0.11999999731779099
1783806443864,-0.27230000495910645,-0.3986000120639801,0.11999999731779099
1783806443884,-0.2736000120639801,-0.3986999988555908,0.10999999940395355
1783806443904,-0.27480000257492065,-0.39890000224113464,0.10999999940395355
1783806443924,-0.2761000096797943,-0.39899998903274536,0.10999999940395355
1783806443944,-0.27730000019073486,-0.3991999924182892,0.11999999731779099
1783806443964,-0.2784999907016754,-0.3993000090122223,0.11999999731779099
1783806443984,-0.2799000144004822,-0.3995000123977661,0.11999999731779099
1783806444004,-0.28110000491142273,-0.39980000257492065,0.10999999940395355
1783806444024,-0.2822999954223633,-0.39989998936653137,0.10999999940395355
1783806444044,-0.28349998593330383,-0.4000000059604645,0.10999999940395355
1783806444064,-0.28459998965263367,-0.400299996137619,0.11999999731779099
1783806444084,-0.2858999967575073,-0.40049999952316284,0.11999999731779099
1783806444104,-0.28700000047683716,-0.40059998631477356,0.11999999731779099
1783806444124,-0.2881999909877777,-0.4007999897003174,0.11999999731779099
1783806444144,-0.28929999470710754,-0.4009000062942505,0.11999999731779099
1783806444164,-0.2903999984264374,-0.4011000096797943,0.11999999731779099
1783806444184,-0.29159998893737793,-0.40119999647140503,0.10999999940395355
1783806444204,-0.29269999265670776,-0.40149998664855957,0.10999999940395355
1783806444224,-0.2939000129699707,-0.4016999900341034,0.10999999940395355
1783806444244,-0.29490000009536743,-0.4018000066280365,0.11999999731779099
1783806444264,-0.296099990606308,-0.40209999680519104,0.11999999731779099
1783806444285,-0.2971000075340271,-0.40220001339912415,0.11999999731779099
1783806444305,-0.29820001125335693,-0.4025000035762787,0.11999999731779099
1783806444325,-0.2992999851703644,-0.4027000069618225,0.11999999731779099
1783806444345,-0.3003000020980835,-0.40299999713897705,0.10999999940395355
1783806444365,-0.30140000581741333,-0.40310001373291016,0.10999999940395355
1783806444385,-0.30239999294281006,-0.4034000039100647,0.10999999940395355
1783806444405,-0.3034999966621399,-0.4036000072956085,0.10999999940395355
1783806444425,-0.304500013589859,-0.40389999747276306,0.11999999731779099
1783806444445,-0.30559998750686646,-0.4041999876499176,0.11999999731779099
1783806444465,-0.30660000443458557,-0.40450000762939453,0.11999999731779099
1783806444485,-0.3075999915599823,-0.40459999442100525,0.11999999731779099
1783806444505,-0.3086000084877014,-0.4049000144004822,0.11999999731779099
1783806444525,-0.30959999561309814,-0.4052000045776367,0.11999999731779099
1783806444545,-0.31060001254081726,-0.40549999475479126,0.11999999731779099
1783806444565,-0.3116999864578247,-0.4058000147342682,0.11999999731779099
1783806444585,-0.3125999867916107,-0.40610000491142273,0.11999999731779099
1783806444605,-0.31369999051094055,-0.40639999508857727,0.11999999731779099
1783806444625,-0.31459999084472656,-0.4066999852657318,0.10999999940395355
1783806444645,-0.3156000077724457,-0.4068000018596649,0.10999999940395355
1783806444665,-0.3165000081062317,-0.40709999203681946,0.10999999940395355
1783806444685,-0.3174999952316284,-0.4074000120162964,0.10999999940395355
1783806444705,-0.31850001215934753,-0.4077000021934509,0.10999999940395355
1783806444725,-0.319599986076355,-0.4081000089645386,0.10999999940395355
1783806444745,-0.320499986410141,-0.4083999991416931,0.11999999731779099
1783806444765,-0.3215999901294708,-0.40869998931884766,0.11999999731779099
1783806444785,-0.32249999046325684,-0.4090000092983246,0.11999999731779099
1783806444805,-0.32350000739097595,-0.4092999994754791,0.11999999731779099
1783806444825,-0.32440000772476196,-0.40959998965263367,0.11999999731779099
1783806444845,-0.3253999948501587,-0.4097000062465668,0.12999999523162842
1783806444865,-0.3253999948501587,-0.4090000092983246,0.12999999523162842
1783806444885,-0.3255000114440918,-0.4083999991416931,0.12999999523162842
1783806444905,-0.3255999982357025,-0.4077000021934509,0.14000000059604645
1783806444925,-0.3255999982357025,-0.40700000524520874,0.14000000059604645
1783806444945,-0.3255000114440918,-0.40610000491142273,0.14000000059604645
1783806444965,-0.3255000114440918,-0.4052000045776367,0.12999999523162842
1783806444985,-0.3255000114440918,-0.4043000042438507,0.11999999731779099
1783806445005,-0.3255999982357025,-0.4036000072956085,0.11999999731779099
1783806445025,-0.3257000148296356,-0.4027000069618225,0.11999999731779099
1783806445045,-0.32580000162124634,-0.4020000100135803,0.11999999731779099
1783806445065,-0.32589998841285706,-0.40119999647140503,0.11999999731779099
1783806445085,-0.32600000500679016,-0.40049999952316284,0.11999999731779099
1783806445105,-0.3260999917984009,-0.39980000257492065,0.11999999731779099
1783806445125,-0.326200008392334,-0.3991999924182892,0.11999999731779099
1783806445145,-0.3262999951839447,-0.3984000086784363,0.10999999940395355
1783806445165,-0.3264999985694885,-0.3977999985218048,0.10999999940395355
1783806445185,-0.32659998536109924,-0.39730000495910645,0.11999999731779099
1783806445205,-0.32679998874664307,-0.396699994802475,0.11999999731779099
1783806445225,-0.3269999921321869,-0.3961000144481659,0.11999999731779099
1783806445245,-0.3271999955177307,-0.3953000009059906,0.11999999731779099
1783806445265,-0.32739999890327454,-0.39480000734329224,0.10999999940395355
1783806445285,-0.32760000228881836,-0.39419999718666077,0.10999999940395355
1783806445306,-0.3278000056743622,-0.3937000036239624,0.10999999940395355
1783806445326,-0.328000009059906,-0.39309999346733093,0.10999999940395355
1783806445346,-0.32820001244544983,-0.39250001311302185,0.10999999940395355
1783806445366,-0.32839998602867126,-0.3921000063419342,0.10999999940395355
1783806445386,-0.3287000060081482,-0.39169999957084656,0.10999999940395355
1783806445406,-0.328900009393692,-0.3912000060081482,0.10999999940395355
1783806445426,-0.32910001277923584,-0.3905999958515167,0.10999999940395355
1783806445446,-0.3294000029563904,-0.3901999890804291,0.10999999940395355
1783806445466,-0.3296000063419342,-0.3898000121116638,0.10999999940395355
1783806445486,-0.32989999651908875,-0.38920000195503235,0.11999999731779099
1783806445506,-0.33000001311302185,-0.388700008392334,0.11999999731779099
1783806445526,-0.3301999866962433,-0.38830000162124634,0.11999999731779099
1783806445546,-0.3303999900817871,-0.387800008058548,0.11999999731779099
1783806445566,-0.33070001006126404,-0.3874000012874603,0.11999999731779099
1783806445586,-0.33090001344680786,-0.3869999945163727,0.11999999731779099
1783806445606,-0.3310999870300293,-0.3865000009536743,0.10999999940395355
1783806445626,-0.3314000070095062,-0.38609999418258667,0.10999999940395355
1783806445646,-0.33160001039505005,-0.3855000138282776,0.10999999940395355
1783806445666,-0.33180001378059387,-0.38510000705718994,0.10999999940395355
1783806445686,-0.3319999873638153,-0.3846000134944916,0.11999999731779099
1783806445706,-0.3321000039577484,-0.38420000672340393,0.11999999731779099
1783806445726,-0.33230000734329224,-0.38370001316070557,0.11999999731779099
1783806445746,-0.3325999975204468,-0.3833000063896179,0.11999999731779099
1783806445766,-0.3328000009059906,-0.38280001282691956,0.11999999731779099
1783806445786,-0.3330000042915344,-0.3824000060558319,0.10999999940395355
1783806445806,-0.33320000767707825,-0.38199999928474426,0.10999999940395355
1783806445826,-0.33340001106262207,-0.3817000091075897,0.10999999940395355
1783806445846,-0.3336000144481659,-0.38119998574256897,0.10999999940395355
1783806445866,-0.33379998803138733,-0.3808000087738037,0.10999999940395355
1783806445886,-0.33399999141693115,-0.3804999887943268,0.10999999940395355
1783806445906,-0.33410000801086426,-0.3801000118255615,0.10999999940395355
1783806445926,-0.3343000113964081,-0.37959998846054077,0.10999999940395355
1783806445946,-0.3345000147819519,-0.37929999828338623,0.10999999940395355
1783806445966,-0.33480000495910645,-0.3788999915122986,0.10999999940395355
1783806445986,-0.33500000834465027,-0.37860000133514404,0.10999999940395355
1783806446006,-0.33489999175071716,-0.3767000138759613,0.15000000596046448
1783806446026,-0.33489999175071716,-0.36959999799728394,0.17000000178813934
1783806446046,-0.33480000495910645,-0.36239999532699585,0.1899999976158142
1783806446066,-0.33480000495910645,-0.3553999960422516,0.20999999344348907
1783806446086,-0.33469998836517334,-0.3483000099658966,0.2199999988079071
1783806446106,-0.3346000015735626,-0.34119999408721924,0.2199999988079071
1783806446126,-0.3346000015735626,-0.334199994802475,0.2199999988079071
1783806446146,-0.3345000147819519,-0.32710000872612,0.20000000298023224
1783806446166,-0.3345000147819519,-0.3203999996185303,0.18000000715255737
1783806446186,-0.3343999981880188,-0.31360000371932983,0.15000000596046448
1783806446206,-0.3343999981880188,-0.3068000078201294,0.14000000059604645
1783806446226,-0.3343999981880188,-0.3003999888896942,0.12999999523162842
1783806446246,-0.3343999981880188,-0.29409998655319214,0.14000000059604645
1783806446266,-0.3343999981880188,-0.28790000081062317,0.1599999964237213
1783806446286,-0.3343999981880188,-0.28189998865127563,0.17000000178813934
1783806446306,-0.3345000147819519,-0.27570000290870667,0.18000000715255737
1783806446326,-0.3345000147819519,-0.26969999074935913,0.18000000715255737
1783806446347,-0.3345000147819519,-0.2635999917984009,0.17000000178813934
1783806446367,-0.3346000015735626,-0.25760000944137573,0.15000000596046448
1783806446387,-0.3346000015735626,-0.2517000138759613,0.14000000059604645
1783806446407,-0.33469998836517334,-0.2460000067949295,0.11999999731779099
1783806446427,-0.33469998836517334,-0.24040000140666962,0.11999999731779099
1783806446447,-0.33480000495910645,-0.23499999940395355,0.12999999523162842
1783806446467,-0.33480000495910645,-0.2296999990940094,0.14000000059604645
1783806446487,-0.33480000495910645,-0.22439999878406525,0.1599999964237213
1783806446507,-0.33489999175071716,-0.219200000166893,0.1599999964237213
1783806446527,-0.33500000834465027,-0.21410000324249268,0.1599999964237213
1783806446547,-0.33500000834465027,-0.20900000631809235,0.15000000596046448
1783806446567,-0.335099995136261,-0.2037999927997589,0.12999999523162842
1783806446587,-0.3352000117301941,-0.1987999975681305,0.11999999731779099
1783806446607,-0.3352999985218048,-0.19380000233650208,0.10999999940395355
1783806446627,-0.3353999853134155,-0.1890999972820282,0.11999999731779099
1783806446647,-0.33550000190734863,-0.18459999561309814,0.12999999523162842
1783806446667,-0.33559998869895935,-0.18000000715255737,0.14000000059604645
1783806446687,-0.33570000529289246,-0.1754000037908554,0.14000000059604645
1783806446707,-0.3359000086784363,-0.17090000212192535,0.14000000059604645
1783806446727,-0.335999995470047,-0.1662999987602234,0.12999999523162842
1783806446747,-0.335999995470047,-0.16189999878406525,0.11999999731779099
1783806446767,-0.3361999988555908,-0.1574999988079071,0.10999999940395355
1783806446787,-0.33629998564720154,-0.1534000039100647,0.10999999940395355
1783806446807,-0.33649998903274536,-0.14910000562667847,0.10999999940395355
1783806446827,-0.33660000562667847,-0.1451999992132187,0.11999999731779099
1783806446847,-0.3366999924182892,-0.1412000060081482,0.12999999523162842
1783806446867,-0.336899995803833,-0.1371999979019165,0.12999999523162842
1783806446887,-0.33709999918937683,-0.13330000638961792,0.11999999731779099
1783806446907,-0.33719998598098755,-0.12929999828338623,0.11999999731779099
1783806446927,-0.33739998936653137,-0.12549999356269836,0.10999999940395355
1783806446947,-0.3375000059604645,-0.121799997985363,0.10999999940395355
1783806446967,-0.3375999927520752,-0.11810000240802765,0.11999999731779099
1783806446987,-0.3377000093460083,-0.11460000276565552,0.12999999523162842
1783806447007,-0.3379000127315521,-0.11110000312328339,0.12999999523162842
1783806447027,-0.33799999952316284,-0.10740000009536743,0.12999999523162842
1783806447047,-0.33799999952316284,-0.10400000214576721,0.12999999523162842
1783806447067,-0.33820000290870667,-0.10050000250339508,0.11999999731779099
1783806447087,-0.3382999897003174,-0.09690000116825104,0.10999999940395355
1783806447107,-0.3384000062942505,-0.09369999915361404,0.10999999940395355
1783806447127,-0.3384999930858612,-0.09030000120401382,0.10999999940395355
1783806447147,-0.3386000096797943,-0.08720000088214874,0.11999999731779099
1783806447167,-0.3386000096797943,-0.08420000225305557,0.11999999731779099
1783806447187,-0.33869999647140503,-0.08089999854564667,0.11999999731779099
1783806447207,-0.33889999985694885,-0.07769999653100967,0.11999999731779099
1783806447227,-0.33889999985694885,-0.07450000196695328,0.11999999731779099
1783806447247,-0.3395000100135803,-0.07419999688863754,0.10999999940395355
1783806447268,-0.3400999903678894,-0.07580000162124634,0.11999999731779099
1783806447288,-0.3407000005245209,-0.07750000059604645,0.14000000059604645
1783806447308,-0.34130001068115234,-0.07919999957084656,0.15000000596046448
1783806447328,-0.3418999910354614,-0.08079999685287476,0.1599999964237213
1783806447348,-0.3427000045776367,-0.08240000158548355,0.1599999964237213
1783806447368,-0.3434000015258789,-0.08399999886751175,0.17000000178813934
1783806447388,-0.3440000116825104,-0.08550000190734863,0.17000000178813934
1783806447408,-0.34470000863075256,-0.08709999918937683,0.17000000178813934
1783806447428,-0.34529998898506165,-0.08869999647140503,0.17000000178813934
1783806447448,-0.3458999991416931,-0.09019999951124191,0.15000000596046448
1783806447468,-0.3465999960899353,-0.09179999679327011,0.14000000059604645
1783806447488,-0.3472999930381775,-0.0934000015258789,0.11999999731779099
1783806447508,-0.34790000319480896,-0.0949999988079071,0.10999999940395355
1783806447528,-0.34860000014305115,-0.09650000184774399,0.10000000149011612
1783806447548,-0.3492000102996826,-0.09780000150203705,0.10999999940395355
1783806447568,-0.3497999906539917,-0.09910000115633011,0.11999999731779099
1783806447588,-0.35030001401901245,-0.10050000250339508,0.11999999731779099
1783806447608,-0.35089999437332153,-0.10180000215768814,0.12999999523162842
1783806447628,-0.351500004529953,-0.1031000018119812,0.12999999523162842
1783806447648,-0.3521000146865845,-0.10440000146627426,0.11999999731779099
1783806447668,-0.35269999504089355,-0.10589999705553055,0.10999999940395355
1783806447688,-0.3531999886035919,-0.1071000024676323,0.10000000149011612
1783806447708,-0.3537999987602234,-0.10840000212192535,0.10000000149011612
1783806447728,-0.35429999232292175,-0.1096000000834465,0.10000000149011612
1783806447748,-0.3549000024795532,-0.11079999804496765,0.10000000149011612
1783806447768,-0.3555000126361847,-0.11180000007152557,0.10999999940395355
1783806447788,-0.35600000619888306,-0.11299999803304672,0.10999999940395355
1783806447808,-0.35679998993873596,-0.1143999993801117,0.10000000149011612
1783806447828,-0.3580000102519989,-0.11550000309944153,0.10000000149011612
1783806447848,-0.35929998755455017,-0.11649999767541885,0.10999999940395355
1783806447868,-0.3605000078678131,-0.1177000030875206,0.11999999731779099
1783806447888,-0.3617999851703644,-0.11860000342130661,0.11999999731779099
1783806447908,-0.36309999227523804,-0.11940000206232071,0.12999999523162842
1783806447928,-0.364300012588501,-0.12060000002384186,0.12999999523162842
1783806447948,-0.36559998989105225,-0.12160000205039978,0.12999999523162842
1783806447968,-0.3668000102043152,-0.12269999831914902,0.11999999731779099
1783806447988,-0.367900013923645,-0.12370000034570694,0.10999999940395355
1783806448008,-0.3691999912261963,-0.12470000237226486,0.10000000149011612
1783806448028,-0.3702999949455261,-0.12559999525547028,0.10000000149011612
1783806448048,-0.37139999866485596,-0.1265999972820282,0.10000000149011612
1783806448068,-0.3723999857902527,-0.1273999959230423,0.10999999940395355
1783806448088,-0.3734999895095825,-0.1282999962568283,0.11999999731779099
1783806448108,-0.37450000643730164,-0.1290999948978424,0.12999999523162842
1783806448128,-0.37560001015663147,-0.12999999523162842,0.12999999523162842
1783806448148,-0.3765999972820282,-0.13079999387264252,0.11999999731779099
1783806448168,-0.37770000100135803,-0.1316000074148178,0.10999999940395355
1783806448188,-0.37869998812675476,-0.13249999284744263,0.10000000149011612
1783806448208,-0.3797000050544739,-0.13330000638961792,0.10000000149011612
1783806448228,-0.3806999921798706,-0.1340000033378601,0.10000000149011612
1783806448248,-0.3817000091075897,-0.13490000367164612,0.10000000149011612
1783806448268,-0.3824999928474426,-0.1356000006198883,0.10999999940395355
1783806448288,-0.38339999318122864,-0.1362999975681305,0.10999999940395355
1783806448308,-0.38420000672340393,-0.1370999962091446,0.10999999940395355
1783806448329,-0.385699987411499,-0.13740000128746033,0.09000000357627869
1783806448349,-0.3871000111103058,-0.13750000298023224,0.10000000149011612
1783806448369,-0.3885999917984009,-0.13750000298023224,0.10000000149011612
1783806448389,-0.39010000228881836,-0.13770000636577606,0.10000000149011612
1783806448409,-0.39169999957084656,-0.13770000636577606,0.10999999940395355
1783806448429,-0.39309999346733093,-0.1379999965429306,0.11999999731779099
1783806448449,-0.3944999873638153,-0.13819999992847443,0.11999999731779099
1783806448469,-0.39590001106262207,-0.13850000500679016,0.11999999731779099
1783806448489,-0.39730000495910645,-0.1386999934911728,0.10999999940395355
1783806448509,-0.3986999988555908,-0.1387999951839447,0.10999999940395355
1783806448529,-0.4000000059604645,-0.13899999856948853,0.10000000149011612
1783806448549,-0.40139999985694885,-0.13910000026226044,0.09000000357627869
1783806448569,-0.4027000069618225,-0.13940000534057617,0.10000000149011612
1783806448589,-0.40389999747276306,-0.1395999938249588,0.10000000149011612
1783806448609,-0.40529999136924744,-0.13989999890327454,0.10999999940395355
1783806448629,-0.4065999984741211,-0.14020000398159027,0.11999999731779099
1783806448649,-0.40779998898506165,-0.14030000567436218,0.10999999940395355
1783806448669,-0.4090999960899353,-0.14059999585151672,0.10999999940395355
1783806448689,-0.41029998660087585,-0.14069999754428864,0.10000000149011612
1783806448709,-0.4115000069141388,-0.14100000262260437,0.10000000149011612
1783806448729,-0.41260001063346863,-0.1412000060081482,0.10999999940395355
1783806448749,-0.41370001435279846,-0.14149999618530273,0.10999999940395355
1783806448769,-0.414900004863739,-0.14180000126361847,0.10999999940395355
1783806448789,-0.41600000858306885,-0.1421000063419342,0.10999999940395355
1783806448809,-0.4171999990940094,-0.14239999651908875,0.10999999940395355
1783806448829,-0.41830000281333923,-0.14270000159740448,0.10000000149011612
1783806448849,-0.4194999933242798,-0.14300000667572021,0.10000000149011612
1783806448869,-0.4205999970436096,-0.14319999516010284,0.10000000149011612
1783806448889,-0.42160001397132874,-0.14350000023841858,0.10000000149011612
1783806448909,-0.4226999878883362,-0.14380000531673431,0.10999999940395355
1783806448929,-0.4237000048160553,-0.14409999549388885,0.10999999940395355
1783806448949,-0.424699991941452,-0.1444000005722046,0.10999999940395355
1783806448969,-0.42570000886917114,-0.14470000565052032,0.10000000149011612
1783806448989,-0.426800012588501,-0.14499999582767487,0.10000000149011612
1783806449009,-0.4277999997138977,-0.14550000429153442,0.10000000149011612
1783806449029,-0.42879998683929443,-0.14569999277591705,0.10000000149011612
1783806449049,-0.42980000376701355,-0.1459999978542328,0.10000000149011612
1783806449069,-0.4309000074863434,-0.14630000293254852,0.10000000149011612
1783806449089,-0.4343999922275543,-0.1396999955177307,0.1599999964237213
1783806449109,-0.43799999356269836,-0.13220000267028809,0.18000000715255737
1783806449129,-0.4415999948978424,-0.12470000237226486,0.20000000298023224
1783806449149,-0.44530001282691956,-0.11720000207424164,0.2199999988079071
1783806449169,-0.4487999975681305,-0.1096000000834465,0.23999999463558197
1783806449189,-0.4523000121116638,-0.10209999978542328,0.25
1783806449209,-0.45579999685287476,-0.09440000355243683,0.25999999046325684
1783806449229,-0.459199994802475,-0.08720000088214874,0.27000001072883606
1783806449249,-0.4625000059604645,-0.07970000058412552,0.27000001072883606
1783806449269,-0.4657000005245209,-0.07240000367164612,0.27000001072883606
1783806449290,-0.4690000116825104,-0.06499999761581421,0.25999999046325684
1783806449310,-0.47200000286102295,-0.05770000070333481,0.25999999046325684
1783806449330,-0.47510001063346863,-0.0502999983727932,0.23999999463558197
1783806449350,-0.4779999852180481,-0.04309999942779541,0.2199999988079071
1783806449370,-0.4810999929904938,-0.03590000048279762,0.20000000298023224
1783806449390,-0.4839000105857849,-0.028699999675154686,0.17000000178813934
1783806449410,-0.4869000017642975,-0.0215000007301569,0.15000000596046448
1783806449430,-0.4896000027656555,-0.014299999922513962,0.11999999731779099
1783806449450,-0.49230000376701355,-0.007400000002235174,0.10000000149011612
1783806449470,-0.4948999881744385,-0.0005000000237487257,0.10000000149011612
1783806449490,-0.4973999857902527,0.006200000178068876,0.10999999940395355
1783806449510,-0.4997999966144562,0.012900000438094139,0.14000000059604645
1783806449530,-0.5022000074386597,0.019500000402331352,0.1599999964237213
1783806449550,-0.5045999884605408,0.026100000366568565,0.17000000178813934
1783806449570,-0.5069000124931335,0.032600000500679016,0.18000000715255737
1783806449590,-0.5091000199317932,0.03929999843239784,0.1899999976158142
1783806449610,-0.5113000273704529,0.045899998396635056,0.1899999976158142
1783806449630,-0.5134999752044678,0.05260000005364418,0.1899999976158142
1783806449650,-0.5152999758720398,0.057500001043081284,0.1899999976158142
1783806449670,-0.516700029373169,0.060600001364946365,0.1899999976158142
1783806449690,-0.5174999833106995,0.06120000034570694,0.20999999344348907
1783806449710,-0.5181000232696533,0.06080000102519989,0.23000000417232513
1783806449730,-0.5188999772071838,0.061400000005960464,0.23999999463558197
1783806449750,-0.5196999907493591,0.061799999326467514,0.25
1783806449770,-0.5209000110626221,0.05990000069141388,0.23999999463558197
1783806449790,-0.520799994468689,0.05860000103712082,0.30000001192092896
1783806449810,-0.5206000208854675,0.05730000138282776,0.36000001430511475
1783806449830,-0.5205000042915344,0.055799998342990875,0.4099999964237213
1783806449850,-0.5202999711036682,0.054499998688697815,0.46000000834465027
1783806449870,-0.5202000141143799,0.05310000106692314,0.5099999904632568
1783806449890,-0.5199999809265137,0.05169999971985817,0.550000011920929
1783806449910,-0.5198000073432922,0.0502999983727932,0.5899999737739563
1783806449930,-0.5196999907493591,0.04899999871850014,0.6299999952316284
1783806449950,-0.5195000171661377,0.047600001096725464,0.6600000262260437
1783806449970,-0.5192999839782715,0.04619999974966049,0.6800000071525574
1783806449990,-0.5192000269889832,0.04490000009536743,0.7099999785423279
1783806450010,-0.5189999938011169,0.04340000078082085,0.7200000286102295
1783806450030,-0.5188999772071838,0.042100001126527786,0.7400000095367432
1783806450050,-0.5188000202178955,0.040800001472234726,0.75
1783806450070,-0.5185999870300293,0.039500001817941666,0.7599999904632568
1783806450090,-0.5184999704360962,0.03799999877810478,0.7599999904632568
1783806450110,-0.5182999968528748,0.03669999912381172,0.75
1783806450130,-0.5181000232696533,0.03519999980926514,0.75
1783806450150,-0.5178999900817871,0.03420000150799751,0.7400000095367432
1783806450170,-0.5177000164985657,0.032999999821186066,0.7300000190734863
1783806450190,-0.5175999999046326,0.03180000185966492,0.7099999785423279
1783806450210,-0.5174999833106995,0.03060000017285347,0.6899999976158142
1783806450230,-0.5174999833106995,0.029500000178813934,0.6600000262260437
1783806450250,-0.517300009727478,0.02800000086426735,0.6200000047683716
1783806450270,-0.5170999765396118,0.027000000700354576,0.5799999833106995
1783806450290,-0.5170000195503235,0.025800000876188278,0.550000011920929
1783806450310,-0.5169000029563904,0.02449999935925007,0.5
1783806450331,-0.5169000029563904,0.02329999953508377,0.46000000834465027
1783806450351,-0.5167999863624573,0.022099999710917473,0.4099999964237213
1783806450370,-0.5166000127792358,0.020899999886751175,0.3700000047683716
1783806450391,-0.5164999961853027,0.01979999989271164,0.3199999928474426
1783806450411,-0.5163999795913696,0.01860000006854534,0.25999999046325684
1783806450431,-0.5162000060081482,0.017400000244379044,0.1899999976158142
1783806450451,-0.5160999894142151,0.01640000008046627,0.11999999731779099
1783806450471,-0.5160999894142151,0.015399999916553497,0.10999999940395355
1783806450491,-0.515999972820282,0.014800000004470348,0.1599999964237213
1783806450511,-0.5160999894142151,0.0142000000923872,0.20000000298023224
1783806450531,-0.5160999894142151,0.01360000018030405,0.23999999463558197
1783806450551,-0.515999972820282,0.012900000438094139,0.27000001072883606
1783806450571,-0.5157999992370605,0.012299999594688416,0.3100000023841858
1783806450591,-0.5157999992370605,0.011699999682605267,0.3400000035762787
1783806450611,-0.5157999992370605,0.011099999770522118,0.3700000047683716
1783806450631,-0.515999972820282,0.010499999858438969,0.3799999952316284
1783806450651,-0.5160999894142151,0.00989999994635582,0.4000000059604645
1783806450671,-0.5162000060081482,0.00930000003427267,0.41999998688697815
1783806450691,-0.5160999894142151,0.008999999612569809,0.4300000071525574
1783806450711,-0.515999972820282,0.008500000461935997,0.4399999976158142
